edge_name,edge_point_id,X_m,Y_m,Z_m,Temperature_C,node_id,chainage,distance_to_ref
Right,0,0.196949,0.028348014,0,376.957971,3669,0.0,0.0
Right,1,0.19743013,0.028467,0,377.004968,3670,0.0004956246009794065,0.0
Right,2,0.197906010000001,0.028602004,0,377.049707,2387,0.0009902839326582256,0.0
Right,3,0.19838333,0.028739006,0,377.092188,2374,0.0014868762507653922,0.0
Right,4,0.19885921,0.028875009,0,377.131616,2375,0.001981809165824606,0.0
Right,5,0.19933509,0.02901201,0,377.16781,2338,0.0024770172517854325,0.0
Right,6,0.199810980000001,0.029149011,0,377.200647,2376,0.002972234947452658,0.0
Right,7,0.20028829,0.029285014,0,377.230005,2377,0.0034685429688547454,0.0
Right,8,0.20076417,0.029422,0,377.255823,2378,0.003963746905224383,0.0
Right,9,0.20124006,0.029558003,0,377.278101,2348,0.0044586894353316735,0.0
Right,10,0.20171737,0.029695005,0,377.29696,813,0.0049552721415388155,0.0
Right,11,0.20219326,0.029831007,0,377.312402,812,0.005450214396861602,0.0
Right,12,0.20266914,0.029968009,0,377.324487,2369,0.005945422759476759,0.0
Right,13,0.20313024,0.030135006,0,377.332361,3649,0.006435831984521509,0.0
Right,14,0.20317697,0.030619011,0,377.330835,3650,0.006922087609604659,0.0
Right,15,0.20317602,0.031115011,0,377.331445,3648,0.00741808851938205,0.0
Right,16,0.20303535,0.031585008,0,377.331384,3647,0.007908685328288303,0.0
Right,17,0.202688210000001,0.031932012,0,377.329126,3646,0.008399519267228253,0.0
Right,18,0.2022171,0.03207101,0,377.323083,2333,0.00889070668166895,0.0
Right,19,0.201721190000001,0.032072008,0,377.314111,2332,0.009386617685885458,0.0
Right,20,0.201226230000001,0.032065004,0,377.30459,3645,0.00988162723894074,0.0
Right,21,0.200785160000001,0.031846002,0,377.289758,782,0.010374074820825365,0.0
Right,22,0.200344080000001,0.031619013,0,377.268762,3644,0.010870134870134905,0.0
Right,23,0.19987917,0.031449005,0,377.242822,2331,0.011365154090130393,0.0
Right,24,0.19940328,0.031312004,0,377.213892,2330,0.01186037178579666,0.0
Right,25,0.198927400000001,0.031175003,0,377.181848,3634,0.012355579871756525,0.0
Right,26,0.19845104,0.031039,0,377.146509,2340,0.012850974326317696,0.0
Right,27,0.1979742,0.030902013,0,377.107507,2342,0.013347101148580922,0.0
Right,28,0.19749832,0.030766011,0,377.064844,807,0.013842033788850266,0.0
Right,29,0.197021960000001,0.030629009,0,377.018152,3633,0.01433770343448439,0.0
Right,30,0.19654607,0.030492008,0,376.966638,2319,0.014832921130151616,0.0
Right,31,0.19606924,0.030356005,0,376.909021,2358,0.015328767542772485,0.0
Right,32,0.195592400000001,0.030223012,0,376.843225,2368,0.015823806454018916,0.0
Right,33,0.19510412,0.030138001,0,376.768335,2363,0.01631943154269178,0.0
Right,34,0.194609160000001,0.03011401,0,376.687097,2364,0.01681497263047361,0.0
Right,35,0.19411516,0.030136004,0,376.602197,3632,0.01730946199945638,0.0
Right,36,0.19362306,0.030188009,0,376.512598,3631,0.017804302307055705,0.0
Right,37,0.19313812,0.030290008,0,376.417017,3639,0.018299853111313973,0.0
Right,38,0.192669390000001,0.030451,0,376.316675,3638,0.01879546004928303,0.0
Right,39,0.1922183,0.030654013,0,376.20907,3636,0.019290128085717454,0.0
Right,40,0.191784380000001,0.030891002,0,376.086084,2322,0.019784547292990125,0.0
Right,41,0.191376200000001,0.031174004,0,375.937891,803,0.020281237381882592,0.0
Right,42,0.19100618,0.031503007,0,375.755823,2315,0.020776371479284232,0.0
Right,43,0.19066906,0.031864003,0,375.531274,206,0.021270302655072924,0.0
Right,44,0.190360060000001,0.032251001,0,375.251978,2325,0.021765528312731517,0.0
Right,45,0.190093040000001,0.032669008,0,374.908838,3641,0.022261541954125583,0.0
Right,46,0.18988132,0.033117011,0,374.515405,3615,0.022757053857523902,0.0
Right,47,0.18968915,0.033573002,0,374.086328,2293,0.023251884233492268,0.0
Right,48,0.18951225,0.034036011,0,373.626855,3612,0.023747536272811186,0.0
Right,49,0.18933534,0.034498006,0,373.141382,3610,0.024242244801265064,0.0
Right,50,0.189157000000001,0.034961,0,372.627405,783,0.024738398607695736,0.0
Right,51,0.188979140000001,0.035423011,0,372.087793,785,0.025233462587117585,0.0
Right,52,0.188801280000001,0.035886005,0,371.525842,2327,0.025729444062211164,0.0
Right,53,0.18862438,0.036348,0,370.946436,3574,0.026224149014708455,0.0
Right,54,0.188446040000001,0.036811009,0,370.352014,3572,0.026720316818662566,0.0
Right,55,0.188268180000001,0.037273005,0,369.745874,3560,0.027215366799589743,0.0
Right,56,0.188090320000001,0.037736014,0,369.130212,3573,0.027711362277070134,0.0
Right,57,0.18791294,0.038198009,0,368.507227,3563,0.02820623907428875,0.0
Right,58,0.18773508,0.038661003,0,367.875208,3562,0.02870222054938233,0.0
Right,59,0.18755722,0.039123014,0,367.23031,3566,0.029197284528804178,0.0
Right,60,0.18737936,0.039586008,0,366.560327,3565,0.029693266003897757,0.0
Right,61,0.18720722,0.040051014,0,365.833521,3564,0.030189111503661544,0.0
Right,62,0.18712234,0.040538013,0,365.057764,2240,0.030683452115386898,0.0
Right,63,0.1871562,0.041031003,0,364.294336,3555,0.03117760354936236,0.0
Right,64,0.187310210000001,0.041501001,0,363.594751,728,0.03167219145874178,0.0
Right,65,0.1875782,0.04191801,0,362.99624,730,0.03216788808590446,0.0
Right,66,0.18793916,0.042257011,0,362.524866,2251,0.03266307875584988,0.0
Right,67,0.18837213,0.042496011,0,362.193567,3556,0.0331576331218199,0.0
Right,68,0.188850400000001,0.042620004,0,361.997583,3551,0.03365171454926882,0.0
Right,69,0.18934631,0.042641014,0,361.912439,2250,0.034148069410430665,0.0
Right,70,0.18959331,0.042641014,0,361.896997,3557,0.03439506941043066,0.0
Right,71,0.189841270000001,0.042641014,0,361.897913,3559,0.034534149155602746,0.00020528221581456616
Right,72,0.189841270000001,0.043007002,0,361.871301,3558,0.034837145623028115,0.0
Right,73,0.189841270000001,0.043373004,0,361.820581,2234,0.03520314762302811,0.0
Right,74,0.189841270000001,0.043739006,0,361.753442,2235,0.03556914962302811,0.0
Right,75,0.189841270000001,0.044106007,0,361.681543,3549,0.035936150623028115,0.0
Right,76,0.189841270000001,0.044472009,0,361.623499,3548,0.03630215262302811,0.0
Right,77,0.189605230000001,0.044754014,0,361.550439,3547,0.03666990485160735,0.0
Right,78,0.18936824,0.045036003,0,361.438867,3546,0.03703825530460216,0.0
Right,79,0.18913221,0.045317009,0,361.295007,2206,0.03740523559417641,0.0
Right,80,0.18889522,0.045599014,0,361.119958,2207,0.037773598296041024,0.0
Right,81,0.18877697,0.045740009,0,361.022791,755,0.03795102992246335,4.878949317646452e-05
Right,82,0.18865919,0.045881003,0,360.940759,3541,0.03812807429021575,9.784531416579136e-05
Right,83,0.18848705,0.045881003,0,360.825708,3538,0.03826970367297319,0.0
Right,84,0.18827629,0.045881003,0,360.689172,3537,0.03848046264156081,1.0314123721766322e-09
Right,85,0.18803501,0.045881003,0,360.615747,192,0.03872174367297318,0.0
Right,86,0.18758297,0.045881003,0,360.536096,719,0.039173783672973195,0.0
Right,87,0.1871314,0.045881003,0,360.489221,2201,0.03962535367297318,0.0
Right,88,0.18667936,0.045881003,0,360.456873,3539,0.040077393672973194,0.0
Right,89,0.18622827,0.045881003,0,360.432397,3535,0.04052848367297318,0.0
Right,90,0.18577623,0.045881003,0,360.412622,3533,0.040980523672973196,0.0
Right,91,0.18532419,0.045881003,0,360.396204,3525,0.04143256367297318,0.0
Right,92,0.18487215,0.045881003,0,360.384668,3526,0.04188460367297317,0.0
Right,93,0.184420100000001,0.045881003,0,360.389673,2191,0.04233665367297218,0.0
Right,94,0.18396902,0.045881003,0,360.458337,2193,0.04278773367297317,0.0
Right,95,0.18351697,0.045881003,0,360.826746,3531,0.04323978367297318,0.0
Right,96,0.183086390000001,0.045881003,0,361.280908,3527,0.043670363672972196,0.0
Right,97,0.18265533,0.045881003,0,361.511011,3528,0.04410142367297318,0.0
Right,98,0.182224270000001,0.045881003,0,361.635889,3532,0.04453248367297219,0.0
Right,99,0.18179225,0.045881003,0,361.696436,3503,0.044964503672973194,0.0
Right,100,0.181361190000001,0.045881003,0,361.706812,3502,0.04539556367297218,0.0
Right,101,0.18093013,0.045881003,0,361.674829,2137,0.04582662367297319,0.0
Right,102,0.180499070000001,0.045881003,0,361.601343,3501,0.04625768367297217,0.0
Right,103,0.18006801,0.045881003,0,361.482385,2181,0.04668874367297318,0.0
Right,104,0.17963695,0.045881003,0,361.302576,2183,0.04711980367297319,0.0
Right,105,0.179209230000001,0.04592,0,361.025232,2187,0.04754929775256934,0.0
Right,106,0.178833,0.046124012,0,360.617273,2131,0.04797728129085645,0.0
Right,107,0.178575990000001,0.046467007,0,360.095972,3399,0.04840588333252737,0.0
Right,108,0.17848634,0.046885014,0,359.474878,3504,0.048833395875675735,0.0
Right,109,0.17848634,0.047372014,0,358.919092,2136,0.04932039587567573,0.0
Right,110,0.17848634,0.047859013,0,358.620386,2120,0.04980739487567573,0.0
Right,111,0.17848634,0.048346013,0,358.382104,753,0.05029439487567573,0.0
Right,112,0.17848634,0.048832,0,358.152612,752,0.05078038187567573,0.0
Right,113,0.17848634,0.049319014,0,357.920374,2154,0.051267395875675734,0.0
Right,114,0.17848634,0.049806014,0,357.683496,2153,0.051754395875675735,0.0
Right,115,0.17848634,0.050292,0,357.442407,3508,0.052240381875675736,0.0
Right,116,0.17848634,0.050779,0,357.194177,3520,0.05272738187567573,0.0
Right,117,0.17848634,0.051266,0,356.940759,3507,0.05321438187567573,0.0
Right,118,0.17848634,0.051753,0,356.686304,2142,0.05370138187567573,0.0
Right,119,0.17848634,0.052239001,0,356.430139,3487,0.05418738287567573,0.0
Right,120,0.17848634,0.052726001,0,356.171472,2126,0.054674382875675734,0.0
Right,121,0.17848634,0.053213001,0,355.908655,2125,0.055161382875675735,0.0
Right,122,0.17848634,0.0537,0,355.641931,2155,0.05564838187567573,0.0
Right,123,0.17848634,0.054186002,0,355.372827,2164,0.05613438387567573,0.0
Right,124,0.17848634,0.054673001,0,355.104456,3509,0.05662138287567573,0.0
Right,125,0.17848634,0.055160001,0,354.840723,2161,0.05710838287567573,0.0
Right,126,0.17848634,0.055647001,0,354.582056,2160,0.057595382875675734,0.0
Right,127,0.17848634,0.056133002,0,354.323755,3510,0.058081383875675734,0.0
Right,128,0.17848634,0.056620002,0,354.0599,2146,0.058568383875675735,0.0
Right,129,0.17848634,0.057107002,0,353.790918,2147,0.05905538387567573,0.0
Right,130,0.17848634,0.057594002,0,353.517603,703,0.05954238387567573,0.0
Right,131,0.17848634,0.058080003,0,353.244043,706,0.06002838487567573,0.0
Right,132,0.17848634,0.058567003,0,352.972986,3475,0.06051538487567573,0.0
Right,133,0.17848634,0.059054002,0,352.705652,3476,0.061002383875675734,0.0
Right,134,0.17848634,0.059540004,0,352.442041,3512,0.06148838587567573,0.0
Right,135,0.17848634,0.060027004,0,352.180078,2180,0.061975385875675734,0.0
Right,136,0.17848634,0.060514003,0,351.922205,3473,0.06246238487567573,0.0
Right,137,0.17848634,0.061001003,0,351.669336,3474,0.06294938487567572,0.0
Right,138,0.17848634,0.061487004,0,351.420618,3511,0.06343538587567572,0.0
Right,139,0.17848634,0.061974004,0,351.175928,3513,0.06392238587567572,0.0
Right,140,0.17848634,0.062461004,0,350.936121,2171,0.06440938587567573,0.0
Right,141,0.17848634,0.062948019,0,350.704431,2170,0.06489640087567572,0.0
Right,142,0.17848634,0.063434005,0,350.483911,3518,0.06538238687567573,0.0
Right,143,0.17848634,0.063921005,0,350.280115,3515,0.06586938687567573,0.0
Right,144,0.17848634,0.064408005,0,350.098108,711,0.06635638687567573,0.0
Right,145,0.17848634,0.064895004,0,349.941064,2172,0.06684338587567573,0.0
Right,146,0.17848634,0.065381021,0,349.813379,3514,0.06732940287567572,0.0
Right,147,0.17848634,0.06586802,0,349.720789,3517,0.06781640187567572,0.0
Right,148,0.17848634,0.06635502,0,349.673608,2174,0.06830340187567573,0.0
Right,149,0.17848634,0.06684202,0,349.676172,3519,0.06879039982229629,2.053379438704539e-09
